5234544138f0d81989737272,Books
5233240838f0d8062fddf624,Dining & Wine
5233249838f0d8062fddf6a0,Dining & Wine
523454a638f0d819897372fb,Dining & Wine
523454f338f0d8198973735f,Dining & Wine
5236a0c838f0d81989738879,World
5236aa6138f0d81989738886,World
5236d12238f0d819897388d2,World
5236be3538f0d819897388aa,World
5236e1ca38f0d819897388ee,World
5236d6ee38f0d819897388dd,Fashion & Style
5236f58b38f0d81989738917,Business Day
5236f14538f0d8198973890d,World
5236f65138f0d8198973891c,Business Day
5236fd7d38f0d8198973892f,Opinion
5236fd0338f0d8198973892c,Opinion
523703cb38f0d81989738940,U.S.
5236fe4a38f0d81989738931,Opinion
5237045638f0d81989738945,World
5236ff5a38f0d81989738932,Opinion
523706c438f0d81989738957,Opinion
523706f238f0d81989738958,U.S.
52370a7c38f0d81989738970,Business Day
52370c2a38f0d8198973897a,N.Y. / Region
5237100838f0d8198973899b,Arts
523723f938f0d819897389ef,Health
5237240338f0d819897389f0,Health
5237240e38f0d819897389f1,Health
5237241938f0d819897389f2,Health
5237260338f0d819897389f6,U.S.
5237264938f0d819897389f7,World
5237296a38f0d81989738a03,World
52372fe038f0d81989738a1a,Sports
523730c538f0d81989738a1e,World
5237392738f0d81989738a3f,Health
52373beb38f0d81989738a49,Business Day
5237412e38f0d81989738a59,Business Day
5237433e38f0d81989738a5f,Business Day
5237453e38f0d81989738a64,Business Day
5237473538f0d81989738a6c,Science
5237485738f0d81989738a70,Science
523749ed38f0d81989738a76,Your Money
52374a6f38f0d81989738a78,Business Day
52374dac38f0d81989738a84,Fashion & Style
52374dc738f0d81989738a85,World
52374e0f38f0d81989738a87,N.Y. / Region
52374f4938f0d81989738a8b,Fashion & Style
52374fc338f0d81989738a8e,Arts
52374ff538f0d81989738a91,Fashion & Style
523755a238f0d81989738aa1,Science
5237576338f0d81989738aa7,Arts
52375eb038f0d81989738ac5,Sports
52375fe638f0d81989738ac8,Science
5237629638f0d81989738acf,World
523762af38f0d81989738ad0,Technology
5237654e38f0d81989738ae1,Sports
523765a838f0d81989738ae2,World
5237681238f0d81989738aea,Science
523769a838f0d81989738aec,Sports
52376b9738f0d81989738af2,Books
523770c938f0d81989738afe,Science
523771f638f0d81989738b02,Science
5237720c38f0d81989738b03,Business Day
523774b238f0d81989738b08,Arts
5237753b38f0d81989738b0a,Arts
5237767738f0d81989738b0e,Science
523776a138f0d81989738b11,Business Day
523776d438f0d81989738b13,Business Day
5237770e38f0d81989738b14,Business Day
5237785938f0d81989738b1b,Arts
523778a338f0d81989738b1d,Health
52377ab338f0d81989738b21,Arts
52377acf38f0d81989738b22,Science
52377bae38f0d81989738b26,Business Day
52377bcc38f0d81989738b27,Arts
52377c3c38f0d81989738b29,Science
52377d4738f0d81989738b2e,Dining & Wine
52377c6438f0d81989738b2a,Arts
52377d4d38f0d81989738b2f,Theater
52377e3838f0d81989738b36,Theater
523782e238f0d81989738b3f,N.Y. / Region
5237855638f0d81989738b46,Science
5237870b38f0d81989738b4d,World
52378cc738f0d81989738b5a,Science
52378dcf38f0d81989738b5f,World
5237922f38f0d81989738b67,Business Day
5237934238f0d81989738b6a,Business Day
523795f238f0d81989738b6e,U.S.
5237970b38f0d81989738b71,Business Day
5237963e38f0d81989738b70,Business Day
5237987a38f0d81989738b74,Education
5237993138f0d81989738b75,Sports
523799cf38f0d81989738b76,U.S.
52379a9838f0d81989738b77,U.S.
52379b8838f0d81989738b79,U.S.
52379d0738f0d81989738b7e,N.Y. / Region
52379d9638f0d81989738b82,Sports
52379df038f0d81989738b84,World
52379e5338f0d81989738b85,Dining & Wine
5237a0c238f0d81989738b88,Science
5237a1f638f0d81989738b8a,World
5237a3db38f0d81989738b91,Education
5237a38938f0d81989738b90,Sports
5237a69e38f0d81989738b94,Technology
5237a76638f0d81989738b96,Sports
5237a7dc38f0d81989738b97,World
5237a7f038f0d81989738b98,Business Day
5237a86938f0d81989738b99,Arts
5237a88538f0d81989738b9a,Opinion
5237a8c338f0d81989738b9b,Sports
5237a96838f0d81989738b9e,World
5237a93738f0d81989738b9d,N.Y. / Region
5237a97338f0d81989738b9f,Opinion
5237a9c038f0d81989738ba0,N.Y. / Region
5237aa1038f0d81989738ba1,Opinion
5237aa1438f0d81989738ba2,World
5237aa9238f0d81989738ba7,World
5237aab338f0d81989738ba8,Opinion
5237ab1b38f0d81989738ba9,U.S.
5237ab3d38f0d81989738baa,World
5237abfa38f0d81989738bac,Opinion
5237abfc38f0d81989738bad,Opinion
5237abfd38f0d81989738bae,Opinion
5237abfe38f0d81989738baf,Opinion
5237ae6038f0d81989738bb2,U.S.
5237aefd38f0d81989738bb3,Opinion
5237aefd38f0d81989738bb4,Opinion
5237aefd38f0d81989738bb5,Opinion
5237aefd38f0d81989738bb6,Opinion
5237aefe38f0d81989738bb7,Opinion
5237af7b38f0d81989738bb8,Sports
5237afb138f0d81989738bb9,N.Y. / Region
5237b17638f0d81989738bba,N.Y. / Region
5237b2b038f0d81989738bbd,U.S.
5237b2fa38f0d81989738bbe,N.Y. / Region
5237b46438f0d81989738bc0,Sports
5237b62438f0d81989738bc3,U.S.
5237b77e38f0d81989738bc5,Arts
5237b7a638f0d81989738bc6,U.S.
5237b7a838f0d81989738bc7,Corrections
5237b7af38f0d81989738bc8,Theater
5237b80438f0d81989738bcb,Sports
5237b8fe38f0d81989738bcc,Corrections
5237b9e638f0d81989738bcf,N.Y. / Region
5237ba9b38f0d81989738bd0,World
5237bda438f0d81989738bd7,Sports
5237c07438f0d81989738bdc,Sports
5237c23838f0d81989738bdd,Health
5237c3e038f0d81989738be4,U.S.
5237c81638f0d81989738bf9,World
5237c93638f0d81989738bfb,Sports
5237cf2138f0d81989738c02,World
5237d28e38f0d81989738c07,Sports
5237d2a938f0d81989738c08,World
5237d36238f0d81989738c09,Sports
5237d40e38f0d81989738c0b,Sports
5237d78638f0d81989738c19,Arts
5237d8d538f0d81989738c1b,Sports
5237fa9f38f0d81989738c5a,World
523809fe38f0d81989738c74,World
52380e2938f0d81989738c79,Sports
52381a2038f0d81989738c92,Magazine
52381a9638f0d81989738c95,World
523833f938f0d81989738cc8,Business Day
5238366838f0d81989738cce,Dining & Wine
52383d4338f0d81989738cda,Booming
5238444838f0d81989738cec,Booming
523844c538f0d81989738cef,Fashion & Style
523846ee38f0d81989738cf4,Opinion
5238495438f0d81989738cf8,World
52384aaa38f0d81989738cfc,U.S.
523849b138f0d81989738cfa,World
52384c7738f0d81989738d04,Opinion
52384dc738f0d81989738d08,Opinion
523850d838f0d81989738d0f,Sports
523852f938f0d81989738d15,Opinion
523854f638f0d81989738d1e,Arts
5238566138f0d81989738d22,Business Day
523856c938f0d81989738d25,Arts
523858a138f0d81989738d2c,Theater
52385ef938f0d81989738d3a,N.Y. / Region
523862e738f0d81989738d46,Business Day
52386e0038f0d81989738d6f,U.S.
52386e9c38f0d81989738d70,Sports
523870e238f0d81989738d77,World
523873e638f0d81989738d81,World
5238782b38f0d81989738d91,Technology
52387d0138f0d81989738da0,Opinion
52387e4038f0d81989738daa,Books
5238823f38f0d81989738db4,Business Day
5238831238f0d81989738dbb,U.S.
523882e838f0d81989738db9,Technology
5238845b38f0d81989738dbe,World
5238853f38f0d81989738dc5,Business Day
5238856938f0d81989738dc7,U.S.
523887bf38f0d81989738dd1,Real Estate
523887fe38f0d81989738dd2,World
523889b438f0d81989738dd8,Books
52388dd838f0d81989738de6,Business Day
52388f9538f0d81989738de9,U.S.
523897bd38f0d81989738dfb,Fashion & Style
5238985738f0d81989738e01,Sports
523898f238f0d81989738e02,Fashion & Style
52389a4138f0d81989738e06,Dining & Wine
52389b1238f0d81989738e0c,Fashion & Style
5238a03238f0d81989738e24,Your Money
5238a04838f0d81989738e25,Business Day
5238a11c38f0d81989738e29,Fashion & Style
5238a22638f0d81989738e31,World
5238a6d838f0d81989738e4b,Arts
5238a43938f0d81989738e3b,Travel
5238a6e138f0d81989738e4d,Dining & Wine
5238a7a938f0d81989738e52,Real Estate
5238ae3038f0d81989738e60,Sports
5238b0f438f0d81989738e69,Business Day
5238b10a38f0d81989738e6a,Business Day
5238b18638f0d81989738e6f,Sports
5238b66a38f0d81989738e80,N.Y. / Region
5238b75e38f0d81989738e81,World
5238b87038f0d81989738e84,Business Day
5238b8eb38f0d81989738e87,Technology
5238b8f138f0d81989738e88,World
5238b90538f0d81989738e8a,Technology
5238b97738f0d81989738e8f,Dining & Wine
5238bb4238f0d81989738e94,Business Day
5238bcd738f0d81989738e9a,World
5238be5738f0d81989738e9c,N.Y. / Region
5238bfc338f0d81989738e9f,Dining & Wine
5238c08138f0d81989738ea6,Business Day
5238c21738f0d81989738ead,World
5238c0e838f0d81989738ea8,Dining & Wine
5238c3be38f0d81989738eb5,World
5238c5a238f0d81989738ebf,Dining & Wine
5238c4b838f0d81989738ebe,Movies
5238c64438f0d81989738ec1,Real Estate
5238c7dd38f0d81989738ec8,Arts
5238c68d38f0d81989738ec3,U.S.
5238c8a638f0d81989738ecd,Arts
5238c9d738f0d81989738ed5,Arts
5238cb4c38f0d81989738eda,Dining & Wine
5238ccba38f0d81989738ede,Theater
5238cd4c38f0d81989738edf,World
5238cf1938f0d81989738ee5,Arts
5238d03438f0d81989738ee8,World
5238d1bb38f0d81989738eef,Arts
5238d27838f0d81989738ef1,Arts
5238d2da38f0d81989738ef2,Arts
5238d37a38f0d81989738ef3,Arts
5238d52e38f0d81989738ef7,Technology
5238d65638f0d81989738efc,Theater
5238da0338f0d81989738f05,Business Day
5238e39e38f0d81989738f19,World
5238e57938f0d81989738f1e,N.Y. / Region
5238e71b38f0d81989738f23,World
5238e9c538f0d81989738f28,N.Y. / Region
5238eb0f38f0d81989738f2a,N.Y. / Region
5238ec8938f0d81989738f2b,World
5238eec138f0d81989738f2e,World
5238f09138f0d81989738f31,Real Estate
5238f0bf38f0d81989738f34,Sports
5238f19438f0d81989738f36,N.Y. / Region
5238f25138f0d81989738f38,World
5238f24f38f0d81989738f37,N.Y. / Region
5238f2c638f0d81989738f39,World
5238f45c38f0d81989738f3b,Technology
5238f46938f0d81989738f3c,Sports
5238f56338f0d81989738f3f,U.S.
5238f79a38f0d81989738f50,World
5238f6f438f0d81989738f4a,Sports
5238f80f38f0d81989738f54,World
5238fa7738f0d81989738f59,N.Y. / Region
5238fb6238f0d81989738f5a,Technology
5238fc7038f0d81989738f5f,U.S.
5238fbac38f0d81989738f5b,Sports
5238fc8138f0d81989738f60,Opinion
5238fcbe38f0d81989738f63,Opinion
5238fd0c38f0d81989738f64,Opinion
5238fd0c38f0d81989738f65,Opinion
5238fd0d38f0d81989738f66,Opinion
5238fd0d38f0d81989738f67,Opinion
5238fef138f0d81989738f77,Sports
5238ffd038f0d81989738f7f,U.S.
5239010f38f0d81989738f88,N.Y. / Region
5239015738f0d81989738f8b,Business Day
5239028538f0d81989738f93,Corrections
523902bc38f0d81989738f96,Real Estate
5239030738f0d81989738f99,N.Y. / Region
5239030838f0d81989738f9a,World
523903f238f0d81989738fa2,N.Y. / Region
523904c938f0d81989738fab,N.Y. / Region
523906ee38f0d81989738fb9,U.S.
5239072038f0d81989738fbc,World
5239072938f0d81989738fbd,Sports
5239083338f0d81989738fc6,Sports
5239083638f0d81989738fc7,U.S.
5239092738f0d81989738fce,Corrections
5239092d38f0d81989738fcf,Theater
5239094b38f0d81989738fd2,N.Y. / Region
523909dd38f0d81989738fd7,Opinion
523909dd38f0d81989738fd8,Opinion
523909de38f0d81989738fd9,Opinion
523909de38f0d81989738fda,Opinion
523909f738f0d81989738fdc,Sports
52390a3538f0d81989738fde,Opinion
52390b2938f0d81989738fe5,U.S.
52390ccf38f0d81989738ff1,U.S.
52390cee38f0d81989738ff6,Sports
52390da438f0d81989738ffc,Sports
52390e3638f0d81989739001,Sports
52390ef238f0d81989739007,U.S.
52390f1e38f0d81989739009,Business Day
523911e038f0d8198973901e,U.S.
523912a738f0d81989739024,U.S.
5239130b38f0d81989739028,Education
5239135c38f0d8198973902c,U.S.
5239140f38f0d81989739032,Business Day
523913d938f0d81989739030,Sports
523914de38f0d81989739038,N.Y. / Region
52391c1238f0d8198973908d,U.S.
523927a738f0d819897390e4,Sports
5239335638f0d8198973913b,Arts
52396ba438f0d819897392f8,Magazine
52396c8d38f0d81989739302,Business Day
523979e238f0d8198973936d,U.S.
5239777738f0d81989739356,World
52397e6838f0d81989739398,World
5239875938f0d819897393dc,World
5239883738f0d819897393e3,Sports
52398e7238f0d81989739416,Fashion & Style
52398fb538f0d8198973942f,Business Day
5239906f38f0d81989739436,Arts
5239952138f0d8198973945e,Business Day
523995c838f0d81989739463,Booming
52399fa438f0d819897394b3,Opinion
5239a07338f0d819897394ba,Business Day
5239a68938f0d819897394eb,World
5239adaa38f0d81989739529,Fashion & Style
5239af3738f0d81989739537,Business Day
5239b29738f0d81989739555,Arts
5239b95538f0d81989739591,Books
5239b78838f0d8198973957e,N.Y. / Region
5239ba3e38f0d8198973959b,Technology
5239ba7038f0d8198973959d,Movies
5239c18038f0d819897395e7,U.S.
5239c4f338f0d8198973960a,World
5239c83a38f0d8198973962b,Health
5239c84338f0d8198973962c,Sports
5239c87338f0d8198973962e,Arts
5239c8cc38f0d81989739632,World
5239ce3038f0d8198973966c,Business Day
5239ce1c38f0d8198973966a,Travel
5239ce5838f0d81989739671,Travel
5239cfd338f0d8198973967f,U.S.
5239ce7638f0d81989739674,Travel
5239d0b138f0d8198973968d,Business Day
5239d34b38f0d819897396a0,Great Homes and Destinations
5239d39338f0d819897396a4,World
5239d73738f0d819897396c1,Business Day
5239db2b38f0d819897396e5,Business Day
5239dbfe38f0d819897396f0,Great Homes and Destinations
5239dc4b38f0d819897396f3,Business Day
5239dd7738f0d819897396ff,U.S.
5239de4438f0d81989739709,World
5239e0ed38f0d81989739726,World
5239e15838f0d8198973972a,U.S.
5239ecc438f0d81989739795,Business Day
5239ed4b38f0d8198973979b,Fashion & Style
5239ede938f0d819897397a1,Fashion & Style
5239ee3138f0d819897397a4,N.Y. / Region
5239ee7738f0d819897397a7,Business Day
5239ef8b38f0d819897397b3,Fashion & Style
5239f2ac38f0d819897397d3,Business Day
5239f9b938f0d81989739811,Business Day
523a04d838f0d81989739871,Fashion & Style
523a05da38f0d8198973987e,Sports
523a065838f0d81989739883,Real Estate
523a071f38f0d8198973988e,Theater
523a0b2238f0d819897398b8,Business Day
523a0b2e38f0d819897398b9,Technology
523a0c0338f0d819897398bf,Business Day
523a0db038f0d819897398c6,Fashion & Style
523a128638f0d819897398f8,Arts
523a136e38f0d81989739908,Fashion & Style
523a13cf38f0d8198973990b,Arts
523a172a38f0d81989739943,Business Day
523a178e38f0d81989739957,Books
523a17d238f0d81989739959,Arts
523a18b238f0d81989739963,Arts
523a1a6038f0d81989739974,Business Day
523a1aab38f0d81989739977,Fashion & Style
523a1b8a38f0d8198973997d,Arts
523a1bb638f0d8198973997f,World
523a1bd738f0d81989739980,Sports
523a1c4c38f0d81989739984,Fashion & Style
523a1d0838f0d8198973998a,Arts
523a1d0c38f0d8198973998b,Fashion & Style
523a1d3f38f0d8198973998d,Arts
523a1d9038f0d81989739990,Fashion & Style
523a1dcc38f0d81989739994,Arts
523a1ede38f0d819897399b5,Fashion & Style
523a1fa338f0d819897399bb,Arts
523a20a338f0d819897399c6,Crosswords & Games
523a213e38f0d819897399cd,Fashion & Style
523a215a38f0d819897399d1,Theater
523a247c38f0d819897399ee,Fashion & Style
523a24d138f0d819897399f0,Sports
523a258a38f0d819897399f8,Arts
523a284338f0d81989739a11,World
523a285738f0d81989739a13,N.Y. / Region
523a28f438f0d81989739a19,Fashion & Style
523a292e38f0d81989739a20,Home & Garden
523a293038f0d81989739a21,Home & Garden
523a293a38f0d81989739a23,Home & Garden
523a296038f0d81989739a25,Home & Garden
523a297438f0d81989739a27,Home & Garden
523a29af38f0d81989739a2a,Home & Garden
523a29b538f0d81989739a2b,World
523a29e238f0d81989739a2e,Home & Garden
523a2a4238f0d81989739a31,Opinion
523a2a8438f0d81989739a34,Fashion & Style
523a2af738f0d81989739a38,Great Homes and Destinations
523a2bb438f0d81989739a42,Home & Garden
523a2c0e38f0d81989739a46,Fashion & Style
523a2c4a38f0d81989739a4a,Home & Garden
523a2c4f38f0d81989739a4b,N.Y. / Region
523a2d4538f0d81989739a55,Business Day
523a2eea38f0d81989739a65,Fashion & Style
523a31e538f0d81989739a81,Home & Garden
523a38a138f0d81989739ab8,Business Day
523a3bcd38f0d81989739ad1,Business Day
523a3c8038f0d81989739ad7,Sports
523a3d0a38f0d81989739adc,U.S.
523a3ccc38f0d81989739ada,World
523a3d6d38f0d81989739ae1,Business Day
523a3eaa38f0d81989739aed,Business Day
523a3faa38f0d81989739af6,World
523a415338f0d81989739b02,World
523a41d438f0d81989739b07,Your Money
523a43ff38f0d81989739b17,World
523a454038f0d81989739b20,U.S.
523a455d38f0d81989739b22,Business Day
523a469038f0d81989739b2b,World
523a485238f0d81989739b36,N.Y. / Region
523a486438f0d81989739b37,Business Day
523a48e638f0d81989739b3e,World
523a48eb38f0d81989739b40,World
523a4bea38f0d81989739b52,Sports
523a4c4a38f0d81989739b56,World
523a4ca238f0d81989739b58,Sports
523a4d9538f0d81989739b61,U.S.
523a4da938f0d81989739b64,Opinion
523a4e1038f0d81989739b66,Opinion
523a4ed238f0d81989739b70,World
523a4ee738f0d81989739b71,Sports
523a4f6238f0d81989739b73,Opinion
523a4fb038f0d81989739b77,Opinion
523a4ffa38f0d81989739b79,Opinion
523a503138f0d81989739b7a,N.Y. / Region
523a51da38f0d81989739b81,Opinion
523a51dc38f0d81989739b85,Opinion
523a51de38f0d81989739b87,World
523a51de38f0d81989739b8a,Sports
523a525538f0d81989739b8f,N.Y. / Region
523a52eb38f0d81989739b94,Opinion
523a52ec38f0d81989739b95,Opinion
523a52ec38f0d81989739b97,Opinion
523a52ed38f0d81989739b98,Opinion
523a52ee38f0d81989739b99,Opinion
523a52f338f0d81989739b9a,Opinion
523a535e38f0d81989739b9d,Opinion
523a536c38f0d81989739b9e,U.S.
523a536d38f0d81989739b9f,World
523a554d38f0d81989739baa,Business Day
523a538e38f0d81989739ba0,Sports
523a563338f0d81989739baf,N.Y. / Region
523a565c38f0d81989739bb0,U.S.
523a566138f0d81989739bb1,U.S.
523a566538f0d81989739bb2,U.S.
523a566d38f0d81989739bb3,U.S.
523a588c38f0d81989739bc1,N.Y. / Region
523a591d38f0d81989739bc7,N.Y. / Region
523a593038f0d81989739bc9,Science
523a5bc238f0d81989739bdb,U.S.
523a5bee38f0d81989739bdd,N.Y. / Region
523a5d5638f0d81989739be8,N.Y. / Region
523a5dd138f0d81989739bed,Sports
523a5e0a38f0d81989739bef,U.S.
523a5f0038f0d81989739bf6,N.Y. / Region
523a5f0938f0d81989739bf7,Corrections
523a601e38f0d81989739c03,World
523a604f38f0d81989739c05,N.Y. / Region
523a608438f0d81989739c07,Sports
523a61cd38f0d81989739c10,Sports
523a659e38f0d81989739c2c,N.Y. / Region
523a66f738f0d81989739c37,Sports
523a689e38f0d81989739c44,Sports
523a698138f0d81989739c67,U.S.
523a6fa538f0d81989739c91,Sports
523a6e6738f0d81989739c87,U.S.
523a6fb538f0d81989739c92,U.S.
523a717d38f0d81989739c9c,Sports
523a727338f0d81989739ca5,Sports
523a73fd38f0d81989739caf,Business Day
523a75a838f0d81989739cb9,Corrections
523a771238f0d81989739cc4,N.Y. / Region
523a7ee338f0d81989739cfe,Business Day
523a818b38f0d81989739d13,Business Day
523a84d738f0d81989739d2b,Arts
523aaa3b38f0d81989739e4c,Business Day
523ab76c38f0d81989739eb5,Business Day
523abd1238f0d81989739ee7,Paid Death Notices
523abd1238f0d81989739ee8,Paid Death Notices
523abd1338f0d81989739ee9,Paid Death Notices
523abd1338f0d81989739eea,Paid Death Notices
523abd1338f0d81989739eeb,Paid Death Notices
523abd1338f0d81989739eec,Paid Death Notices
523abd1438f0d81989739eed,Paid Death Notices
523abd1438f0d81989739eee,Paid Death Notices
523abd1438f0d81989739eef,Paid Death Notices
523abd1438f0d81989739ef0,Paid Death Notices
523abd1538f0d81989739ef1,Paid Death Notices
523ac6be38f0d81989739f3e,Health
523ac83e38f0d81989739f49,Great Homes and Destinations
523ac8e138f0d81989739f4f,World
523acb8038f0d81989739f65,Sports
523acc9638f0d81989739f72,Great Homes and Destinations
523ad7bb38f0d81989739fce,World
523add4c38f0d81989739ffd,World
523ae6fd38f0d8198973a057,Business Day
523ae74838f0d8198973a05a,Arts
523ae74a38f0d8198973a05b,Booming
523ae7c938f0d8198973a062,Opinion
523aeb1438f0d8198973a07c,Opinion
523af33f38f0d8198973a0b9,Booming
523af88c38f0d8198973a0e2,World
523af8c138f0d8198973a0e5,Opinion
523aff5e38f0d8198973a11e,World
523b036c38f0d8198973a140,Arts
523b044038f0d8198973a14a,Opinion
523b071a38f0d8198973a167,Arts
523b078738f0d8198973a16a,N.Y. / Region
523b0a9338f0d8198973a183,Sports
523b0fd038f0d8198973a1b3,World
523b108238f0d8198973a1ba,Books
523b109938f0d8198973a1bc,World
523b115838f0d8198973a1c2,Business Day
523b1b3b38f0d8198973a21b,Business Day
523b22cf38f0d8198973a265,Magazine
523b27ad38f0d8198973a293,Movies
523b2f1338f0d8198973a2e1,Theater
523b2f7238f0d8198973a2e5,Theater
523b343a38f0d8198973a311,Travel
523b349938f0d8198973a315,Travel
523b383038f0d8198973a337,U.S.
523b39d338f0d8198973a347,Fashion & Style
523b3bc938f0d8198973a35b,Science
523b3cb038f0d8198973a366,Science
523b3cd438f0d8198973a367,Movies
523b3dc638f0d8198973a370,Fashion & Style
523b3e5338f0d8198973a377,N.Y. / Region
523b3ea838f0d8198973a37a,Sports
523b419d38f0d8198973a395,Business Day
523b3f9338f0d8198973a385,N.Y. / Region
523b42a938f0d8198973a39e,World
523b43db38f0d8198973a3a8,World
523b451538f0d8198973a3b5,Business Day
523b4acd38f0d8198973a3e7,Arts
523b4b9538f0d8198973a3ee,Business Day
523b4ddd38f0d8198973a403,World
523b4ee038f0d8198973a40d,U.S.
523b50aa38f0d8198973a41d,U.S.
523b513138f0d8198973a423,Sports
523b533038f0d8198973a434,N.Y. / Region
523b568038f0d8198973a451,N.Y. / Region
523b56b338f0d8198973a457,Dining & Wine
523b5bb938f0d8198973a48d,Fashion & Style
523b57da38f0d8198973a466,N.Y. / Region
523b5bc938f0d8198973a48f,Books
523b5f4838f0d8198973a4af,Sports
523b602a38f0d8198973a4b5,Arts
523b60e238f0d8198973a4bd,Arts
523b62e938f0d8198973a4d3,Arts
523b632438f0d8198973a4d5,Movies
523b637038f0d8198973a4da,Real Estate
523b684138f0d8198973a509,Business Day
523b63be38f0d8198973a4dd,Real Estate
523b684f38f0d8198973a50b,World
523b6a2e38f0d8198973a516,N.Y. / Region
523b6b1c38f0d8198973a521,Dining & Wine
523b6bb038f0d8198973a526,Arts
523b6bb338f0d8198973a527,Books
523b6bbb38f0d8198973a528,Books
523b6bca38f0d8198973a529,Books
523b6bde38f0d8198973a52c,Books
523b6be538f0d8198973a52d,Books
523b6c5f38f0d8198973a531,Arts
523b6cb838f0d8198973a535,Arts
523b6d3138f0d8198973a53c,Arts
523b6d3838f0d8198973a53e,Arts
523b6d8638f0d8198973a540,Arts
523b6d8838f0d8198973a541,Arts
523b6d9238f0d8198973a543,Dining & Wine
523b6e9938f0d8198973a54d,World
523b6f0938f0d8198973a553,Books
523b6f4938f0d8198973a558,Arts
523b6fbc38f0d8198973a55d,World
523b703738f0d8198973a561,N.Y. / Region
523b70d938f0d8198973a567,Books
523b714e38f0d8198973a56b,Theater
523b719238f0d8198973a56e,Technology
523b73df38f0d8198973a584,Business Day
523b74bd38f0d8198973a58b,Arts
523b74e738f0d8198973a58d,Arts
523b75b938f0d8198973a595,Arts
523b761c38f0d8198973a598,Fashion & Style
523b767c38f0d8198973a59e,N.Y. / Region
523b764538f0d8198973a59c,Real Estate
523b767c38f0d8198973a59f,Arts
523b76f538f0d8198973a5a4,Movies
523b775138f0d8198973a5a8,Arts
523b77c538f0d8198973a5ae,Arts
523b780a38f0d8198973a5b1,Arts
523b784d38f0d8198973a5b5,Arts
523b78a538f0d8198973a5b9,Arts
523b78b538f0d8198973a5ba,Arts
523b791b38f0d8198973a5be,Arts
523b795c38f0d8198973a5c3,Arts
523b799938f0d8198973a5c5,U.S.
523b79bc38f0d8198973a5c8,Arts
523b7a0e38f0d8198973a5cc,N.Y. / Region
523b7acc38f0d8198973a5d4,Theater
523b7afe38f0d8198973a5d6,Arts
523b7b7c38f0d8198973a5da,Movies
523b7bb938f0d8198973a5dc,Arts
523b7c9e38f0d8198973a5e4,Theater
523b7d5f38f0d8198973a5ec,Movies
523b7de638f0d8198973a5ef,Business Day
523b7fb038f0d8198973a5fe,Movies
523b808c38f0d8198973a608,Real Estate
523b816a38f0d8198973a610,World
523b81e838f0d8198973a616,Arts
523b82ea38f0d8198973a61e,Arts
523b831c38f0d8198973a620,Movies
523b84a238f0d8198973a62c,Movies
523b849038f0d8198973a62b,Business Day
523b865638f0d8198973a63b,Movies
523b881b38f0d8198973a649,Movies
523b89bc38f0d8198973a658,Movies
523b8bd238f0d8198973a669,Movies
523b8c4538f0d8198973a66f,N.Y. / Region
523b8d4138f0d8198973a677,N.Y. / Region
523b8d7938f0d8198973a67a,Science
523b8f4038f0d8198973a686,N.Y. / Region
523b934a38f0d8198973a6a7,N.Y. / Region
523b936f38f0d8198973a6a9,Movies
523b959638f0d8198973a6b9,Movies
523b974638f0d8198973a6c6,World
523b980c38f0d8198973a6cf,World
523b988638f0d8198973a6d3,World
523b989c38f0d8198973a6d5,Movies
523b992338f0d8198973a6da,World
523b99fd38f0d8198973a6e1,Sports
523b9a3b38f0d8198973a6e3,U.S.
523b9b4538f0d8198973a6eb,Movies
523b9bac38f0d8198973a6f0,World
523b9bf638f0d8198973a6f3,Business Day
523b9c6538f0d8198973a6f7,U.S.
523b9e0f38f0d8198973a706,World
523b9eba38f0d8198973a70c,Movies
523b9f7d38f0d8198973a713,World
523b9f9738f0d8198973a714,Opinion
523b9ffc38f0d8198973a71a,Opinion
523ba00538f0d8198973a71c,Opinion
523ba04c38f0d8198973a71e,Sports
523ba06938f0d8198973a71f,N.Y. / Region
523ba08938f0d8198973a721,Business Day
523ba0d638f0d8198973a724,Movies
523ba1e638f0d8198973a72c,Opinion
523ba1e738f0d8198973a72d,Opinion
523ba1e938f0d8198973a72e,Opinion
523ba1eb38f0d8198973a72f,Opinion
523ba24d38f0d8198973a732,U.S.
523ba2ab38f0d8198973a735,World
523ba32e38f0d8198973a73a,Movies
523ba33438f0d8198973a73b,U.S.
523ba37b38f0d8198973a73e,Opinion
523ba37c38f0d8198973a73f,Opinion
523ba37c38f0d8198973a740,Opinion
523ba37f38f0d8198973a741,Opinion
523ba48038f0d8198973a749,U.S.
523ba4b338f0d8198973a74c,U.S.
523ba4f338f0d8198973a74e,World
523ba51b38f0d8198973a750,Movies
523ba5d638f0d8198973a757,Sports
523ba74038f0d8198973a761,Corrections
523ba6a438f0d8198973a75c,N.Y. / Region
523ba78e38f0d8198973a765,U.S.
523ba77a38f0d8198973a763,Sports
523ba78f38f0d8198973a766,U.S.
523ba78f38f0d8198973a767,U.S.
523ba7e638f0d8198973a76a,N.Y. / Region
523ba8d138f0d8198973a770,N.Y. / Region
523ba8db38f0d8198973a773,N.Y. / Region
523baacf38f0d8198973a784,Business Day
523bab3d38f0d8198973a788,N.Y. / Region
523bac0a38f0d8198973a78f,Sports
523bac1638f0d8198973a791,N.Y. / Region
523bac2738f0d8198973a792,Corrections
523bac3538f0d8198973a794,Theater
523badb838f0d8198973a7a0,U.S.
523bade938f0d8198973a7a2,N.Y. / Region
523baecb38f0d8198973a7a9,Sports
523baf8538f0d8198973a7b0,N.Y. / Region
523bb02d38f0d8198973a7b6,U.S.
523bb0fd38f0d8198973a7be,U.S.
523bb16d38f0d8198973a7c4,Sports
523bb1f938f0d8198973a7c9,N.Y. / Region
523bb2e038f0d8198973a7d0,Business Day
523bb38738f0d8198973a7d6,Sports
523bb46438f0d8198973a7dd,U.S.
523bb4fb38f0d8198973a7e3,Business Day
523bb71538f0d8198973a7f0,Sports
523bb85038f0d8198973a7f9,U.S.
523bb96638f0d8198973a801,Sports
523bbaf238f0d8198973a81f,N.Y. / Region
523bbc0d38f0d8198973a82c,Sports
523bbc5638f0d8198973a82f,N.Y. / Region
523bbd5038f0d8198973a838,N.Y. / Region
523bbdfe38f0d8198973a83e,Sports
523bbe6938f0d8198973a842,Sports
523bbed438f0d8198973a846,Sports
523bbeea38f0d8198973a847,N.Y. / Region
523bc16c38f0d8198973a856,Sports
523bc3a638f0d8198973a865,Sports
523bc43038f0d8198973a86a,Sports
523bc4f438f0d8198973a870,Sports
523bc5c638f0d8198973a878,Sports
523bc65538f0d8198973a87d,World
523bc68138f0d8198973a87f,Sports
523bc74f38f0d8198973a885,Sports
523bc79a38f0d8198973a887,Sports
523bc82d38f0d8198973a88e,Sports
523bc89d38f0d8198973a893,Sports
523bc8ba38f0d8198973a894,Business Day
523bcbc938f0d8198973a8ae,Business Day
523bd65938f0d8198973a8fa,Arts
523be4a238f0d8198973a966,Education
523bf44238f0d8198973a9e1,Business Day
523bf5e938f0d8198973a9f1,U.S.
523c09e438f0d8198973aa98,Books
523c242b38f0d8198973ab4a,Opinion
523c1cb538f0d8198973ab3c,Sports
523c274438f0d8198973ab50,Opinion
523c316838f0d8198973ab65,Sports
523c359238f0d8198973ab81,Sports
523c385c38f0d8198973ab89,Sports
523c383838f0d8198973ab88,Sports
523c38ca38f0d8198973ab8a,Movies
523c38cc38f0d8198973ab8b,Booming
523c396f38f0d8198973ab8c,Sports
523c3a3538f0d8198973ab8d,Sports
523c407338f0d8198973ab9d,Opinion
523c433138f0d8198973aba7,U.S.
523c435138f0d8198973aba8,World
523c436f38f0d8198973aba9,Business Day
523c451238f0d8198973abad,Business Day
523c4b0b38f0d8198973abc2,Booming
523c4dc738f0d8198973abc7,World
523c4f8b38f0d8198973abd1,U.S.
523c53e238f0d8198973abde,Business Day
523c54ea38f0d8198973abdf,Arts
523c58fc38f0d8198973abeb,Business Day
523c594f38f0d8198973abed,N.Y. / Region
523c59b638f0d8198973abee,Business Day
523c5a1538f0d8198973abef,Arts
523c5dfa38f0d8198973abfa,Books
523c5e2b38f0d8198973abfb,Books
523c5e5538f0d8198973abfe,Books
523c5e9138f0d8198973abff,Books
523c611838f0d8198973ac09,U.S.
523c61bd38f0d8198973ac0c,U.S.
523c61be38f0d8198973ac0e,U.S.
523c68a238f0d8198973ac1b,N.Y. / Region
523c697138f0d8198973ac1f,Automobiles
523c697a38f0d8198973ac22,Magazine
523c69d638f0d8198973ac26,Magazine
523c69d738f0d8198973ac27,Magazine
523c69d738f0d8198973ac28,Magazine
523c69d738f0d8198973ac29,Magazine
523c69db38f0d8198973ac2c,Magazine
523c69e238f0d8198973ac2d,Magazine
523c6d2238f0d8198973ac39,Books
523c6d2738f0d8198973ac3a,Sports
523c6d5938f0d8198973ac3b,World
523c6dd338f0d8198973ac3f,Books
523c6de738f0d8198973ac40,Books
523c6e0738f0d8198973ac41,Books
523c6e9a38f0d8198973ac44,Books
523c6e1738f0d8198973ac42,Books
523c6ea738f0d8198973ac45,Books
523c6ec038f0d8198973ac46,Books
523c6ecc38f0d8198973ac47,Books
523c6ed838f0d8198973ac48,Books
523c6ee338f0d8198973ac49,Books
523c6f1338f0d8198973ac4a,Books
523c6f3938f0d8198973ac4f,Books
523c6f8238f0d8198973ac50,Books
523c711738f0d8198973ac56,Real Estate
523c763038f0d8198973ac6b,Business Day
523c770338f0d8198973ac6f,U.S.
523c7bfd38f0d8198973ac7a,Business Day
523c7c9038f0d8198973ac7d,Movies
523c7da238f0d8198973ac7f,Arts
523c7efa38f0d8198973ac85,Arts
523c7f8b38f0d8198973ac8a,Arts
523c802f38f0d8198973ac8e,Arts
523c7f9238f0d8198973ac8b,Real Estate
523c805738f0d8198973ac8f,Arts
523c811938f0d8198973ac93,Movies
523c815038f0d8198973ac94,Arts
523c817138f0d8198973ac96,Arts
523c819338f0d8198973ac97,Arts
523c824638f0d8198973ac9a,World
523c84a238f0d8198973aca0,Theater
523c841b38f0d8198973ac9f,Movies
523c860638f0d8198973aca6,Movies
523c8c1438f0d8198973acbf,Your Money
523c8d6d38f0d8198973acc9,Your Money
523c8c2d38f0d8198973acc1,Dining & Wine
523c903838f0d8198973acd1,Business Day
523c917638f0d8198973acd8,World
523c91b738f0d8198973acdd,Fashion & Style
523c977538f0d8198973acf3,Fashion & Style
523c940838f0d8198973ace6,Fashion & Style
523c983f38f0d8198973acf6,Sports
523c98d638f0d8198973acfa,U.S.
523c9b4f38f0d8198973acfe,Opinion
523c9c7538f0d8198973ad00,World
523c9d0638f0d8198973ad02,Sports
523c9e3c38f0d8198973ad08,U.S.
523ca10938f0d8198973ad13,N.Y. / Region
523ca25138f0d8198973ad16,N.Y. / Region
523ca2ec38f0d8198973ad18,Your Money
523ca4aa38f0d8198973ad20,Technology
523ca51a38f0d8198973ad21,Fashion & Style
523ca77638f0d8198973ad2a,Arts
523ca75738f0d8198973ad28,Travel
523ca8d038f0d8198973ad32,Automobiles
523ca7fe38f0d8198973ad2c,Travel
523ca90f38f0d8198973ad34,Fashion & Style
523caac838f0d8198973ad3b,N.Y. / Region
523cad4638f0d8198973ad42,Fashion & Style
523ca94c38f0d8198973ad35,Travel
523cadde38f0d8198973ad48,N.Y. / Region
523caf3938f0d8198973ad55,Dining & Wine
523cb0c138f0d8198973ad5c,World
523cb20038f0d8198973ad63,Automobiles
523cb2db38f0d8198973ad67,Real Estate
523cb3f538f0d8198973ad72,N.Y. / Region
523cb4e338f0d8198973ad78,Automobiles
523cb4e438f0d8198973ad79,Automobiles
523cb51838f0d8198973ad7c,N.Y. / Region
523cb60c38f0d8198973ad7d,Arts
523cb65b38f0d8198973ad7f,Fashion & Style
523cb7b638f0d8198973ad83,Business Day
523cb76c38f0d8198973ad81,N.Y. / Region
523cba3e38f0d8198973ad98,Arts
523cba9538f0d8198973ad9c,Fashion & Style
523cbc6b38f0d8198973ad9f,Sports
523cbde538f0d8198973ada7,World
523cbdf338f0d8198973ada8,Arts
523cbfa338f0d8198973adaf,Sports
523cc12938f0d8198973adb4,Books
523cc1a338f0d8198973adb5,Fashion & Style
523cc32938f0d8198973adb8,Magazine
523cc4a638f0d8198973adc0,Arts
523cc5ec38f0d8198973adc4,Business Day
523cc6ff38f0d8198973adcb,Fashion & Style
523cc7e238f0d8198973add2,Crosswords & Games
523cc91738f0d8198973adda,U.S.
523cca6c38f0d8198973ade5,Business Day
523ccb6638f0d8198973adeb,Fashion & Style
523ccd9438f0d8198973adfc,N.Y. / Region
523cce0438f0d8198973ae02,Arts
523cce5d38f0d8198973ae05,Books
523ccf7f38f0d8198973ae0b,Fashion & Style
523cd00538f0d8198973ae0c,N.Y. / Region
523cd2af38f0d8198973ae0f,N.Y. / Region
523cd46638f0d8198973ae17,Opinion
523cd5f138f0d8198973ae1b,Business Day
523cdb8038f0d8198973ae24,Opinion
523cd65338f0d8198973ae1d,Fashion & Style
523cdc5f38f0d8198973ae26,Opinion
523cdce738f0d8198973ae27,Opinion
523cdd2d38f0d8198973ae28,Opinion
523cdd2e38f0d8198973ae29,World
523cdd8c38f0d8198973ae2a,Opinion
523cde1238f0d8198973ae2b,N.Y. / Region
523cdf1738f0d8198973ae30,N.Y. / Region
523ce01138f0d8198973ae32,World
523ce1bc38f0d8198973ae35,World
523ce38538f0d8198973ae36,U.S.
523ce3c538f0d8198973ae38,World
523ce57a38f0d8198973ae39,U.S.
523ce57d38f0d8198973ae3a,U.S.
523ce58338f0d8198973ae3b,U.S.
523ce5c838f0d8198973ae3c,Science
523ce89138f0d8198973ae40,World
523ce9a038f0d8198973ae42,U.S.
523ce9a138f0d8198973ae43,Fashion & Style
523ceab738f0d8198973ae46,World
523cebc038f0d8198973ae49,Opinion
523ced7d38f0d8198973ae4c,Sports
523cedaa38f0d8198973ae4d,Opinion
523cef7c38f0d8198973ae4e,World
523cf18c38f0d8198973ae53,Sports
523cf25238f0d8198973ae55,World
523cf2da38f0d8198973ae56,Business Day
523cf32338f0d8198973ae57,Opinion
523cf3de38f0d8198973ae59,Opinion
523cf39138f0d8198973ae58,U.S.
523cf3fe38f0d8198973ae5a,N.Y. / Region
523cf41538f0d8198973ae5b,Arts
523cf42338f0d8198973ae5c,World
523cf4b638f0d8198973ae5d,Opinion
523cf52038f0d8198973ae5e,U.S.
523cf56438f0d8198973ae5f,Sports
523cf62a38f0d8198973ae60,World
523cf6bd38f0d8198973ae61,World
523cf70438f0d8198973ae63,Opinion
523cf70738f0d8198973ae64,Opinion
523cf70f38f0d8198973ae65,Opinion
523cf74d38f0d8198973ae66,Sports
523cf74e38f0d8198973ae67,U.S.
523cf89638f0d8198973ae69,Business Day
523cf89938f0d8198973ae6a,N.Y. / Region
523cf97838f0d8198973ae6e,N.Y. / Region
523cfa7738f0d8198973ae6f,N.Y. / Region
523cfaa938f0d8198973ae70,N.Y. / Region
523cfb2938f0d8198973ae71,Corrections
523cfbf738f0d8198973ae72,World
523cfbf938f0d8198973ae73,Business Day
523cfda838f0d8198973ae74,Corrections
523cfdb938f0d8198973ae75,Sports
523d015938f0d8198973ae7a,Sports
523cfe5138f0d8198973ae77,N.Y. / Region
523d01f738f0d8198973ae7b,Sports
523d02d838f0d8198973ae7c,Business Day
523d057d38f0d8198973ae81,Books
523d03f238f0d8198973ae7f,N.Y. / Region
523d058338f0d8198973ae82,Sports
523d06f838f0d8198973ae84,N.Y. / Region
523d07b138f0d8198973ae85,Sports
523d07d438f0d8198973ae86,Sports
523d086638f0d8198973ae87,World
523d08dd38f0d8198973ae89,U.S.
523d095338f0d8198973ae8a,Sports
523d09c838f0d8198973ae8c,Sports
523d09ee38f0d8198973ae8d,N.Y. / Region
523d0ca538f0d8198973aea6,Arts
523d0b0138f0d8198973ae8f,Sports
523d0dc838f0d8198973aea7,Sports
523d0e0d38f0d8198973aea8,Sports
523d105b38f0d8198973aeaa,Sports
523d123838f0d8198973aeab,Sports
523d145738f0d8198973aeac,Sports
523d14b338f0d8198973aead,Sports
523d172d38f0d8198973aeae,Sports
523d173e38f0d8198973aeaf,U.S.
523d177938f0d8198973aeb0,Sports
523d194938f0d8198973aeb1,Sports
523d1ad738f0d8198973aeb4,World
523d1db738f0d8198973aeb7,Sports
523d1f4238f0d8198973aeb8,Sports
523d1fe138f0d8198973aeba,Sports
523d203b38f0d8198973aebb,Opinion
523d223f38f0d8198973aebe,Sports
523d27d738f0d8198973aec5,Arts
523d326238f0d8198973aece,World
523d8cb338f0d8198973af30,World
523db31538f0d8198973af51,U.S.
523db50538f0d8198973af54,Sports
523db72238f0d8198973af56,Arts
523db75a38f0d8198973af57,Sports
523db93438f0d8198973af58,Health
523dc37d38f0d8198973af62,Sports
523dc3bd38f0d8198973af63,Sports
523dc3d238f0d8198973af64,World
523dc44138f0d8198973af66,Sports
523dc4d038f0d8198973af67,Sports
523dc51638f0d8198973af68,Sports
523dc56f38f0d8198973af69,Sports
523dc57138f0d8198973af6a,World
523dc67438f0d8198973af6c,World
523dc69e38f0d8198973af6d,Sports
523dc82738f0d8198973af6f,World
523dcab938f0d8198973af70,World
523dccc738f0d8198973af72,Business Day
523dd65b38f0d8198973af84,World
